name,hex
18th Century Green,#a59344
A Certain Shade Of Green,#d1edee
Absinthe Green,#76b583
Abura Green,#a19361
Acid Green,#8ffe09
Aegean Green,#4c8c72
Agate Green,#599f99
Agave Green,#6b7169
Aged Mustard Green,#6e6e30
Aircraft Green,#2a2c1f
Akhdhar Green,#b0e313
Albert Green,#4f5845
Algae Green,#93dfb8
Alpine Green,#005f56
Amazon Green,#786a4a
Amber Green,#9a803a
American Green,#34b334
Android Green,#a4c639
Angel Green,#004225
Antique Green,#29675c
Aoife's Green,#27b692
Apatite Crystal Green,#bbff99
Apple Green,#76cd26
Apple II Green,#04650d
Approval Green,#039487
Aqua Green,#12e193
Aquamentus Green,#00a800
Aquarelle Green,#e2f4e4
Aragon Green,#47ba87
Arcadian Green,#a3c893
Arcala Green,#3b6c3f
Army Green,#4b5320
Army Issue Green,#838254
Artichoke Green,#4b6d41
Asparagus Green,#d2cdb4
Aspen Green,#7e9b76
Astro Arcade Green,#77ff77
Aurora Green,#6adc99
Autumn Pine Green,#158078
Avagddu Green,#106b21
Avocado Green,#87a922
Baby Green,#8cff9e
Balsam Green,#576664
Bangladesh Green,#006a4f
Barf Green,#94ac02
Barium Green,#8fff9f
Battleship Green,#828f72
Belize Green,#b9c3b3
Bella Green,#93c3b1
Beryl Green,#bcbfa8
Bianchi Green,#3dcfc2
Biel-Tan Green,#1ba169
Bijoux Green,#676b55
Bilious Green,#a9d171
Billiard Green,#305a4a
Bird's Egg Green,#aaccb9
Birōdo Green,#224634
Biscay Green,#55c6a9
Bistro Green,#395551
Black Green,#384e49
Blackish Green,#5d6161
Blade Green,#6a9266
Blanka Green,#9cd33c
Blue Green,#137e6d
Blue Green Rules,#d8eeed
Bluish Green,#10a674
Boating Green,#087170
Bogey Green,#116f26
Bonza Green,#5e6b44
Bored Accent Green,#dedd98
Boring Green,#63b365
Bottle Green,#006a4e
Bowling Green,#bfdeaf
Bracken Green,#626f5d
Bredon Green,#5e9948
Breeze of Green,#cffdbc
Brierwood Green,#545e4f
Bright Green,#66ff00
Bright Light Green,#2dfe54
Bright Lime Green,#65fe08
Bright Sea Green,#9fe2bf
Bright Yellow Green,#9dff00
British Racing Green,#05480d
Broccoli Green,#4b5338
Bronze Green,#8d8752
Brook Green,#afddcc
Brown Green,#706c11
Brownish Green,#6a6e09
Brunswick Green,#1b4d3e
Bryopsida Green,#9fe010
Bubble Bobble Green,#00b800
Bud Green,#79b465
Buddha Green,#37b575
Byakuroku Green,#a5ba93
Cadmium Green,#006b3c
Cal Poly Pomona Green,#1e4d2b
Calamansi Green,#c4cc7a
Caliban Green,#005726
Calla Green,#6a6f34
Calliste Green,#757a4e
Calypso Green,#2e5f60
Cameo Green,#dce6e5
Camo Green,#a5a542
Camouflage Green,#4b6113
Canary Green,#d6dec9
Candy Green,#82dbcc
Cardin Green,#1b3427
Cargo Green,#c8c5a7
Caribbean Green,#00cc99
Carolina Green,#008b6d
Castellan Green,#455440
Castleton Green,#00564f
Catachan Green,#475742
Catalina Green,#859475
Caterpillar Green,#146b47
Cathode Green,#00ff55
Cayman Green,#495a44
Cedar Green,#5e6737
Celadine Green,#b8bfaf
Celadon Green,#2f847c
Celery Green,#c5cc7b
Celestial Green,#2ddfc1
Celtic Green,#1f6954
Ceramic Green,#3bb773
Chá Lǜ Green,#77926f
Chalet Green,#5a6e41
Channel Marker Green,#04d8b2
Charleston Green,#232b2b
Charmed Green,#007f3a
Chasm Green,#63b521
Chateau Green,#419f59
Chic Green,#d8ebd6
Chinese Green,#d0db61
Chino Green,#d9caa5
Chinois Green,#7c8c87
Chitin Green,#026b67
Chlorella Green,#56ae57
Chlorophyll Green,#4aff00
Christmas Green,#3c8d0d
Chromophobia Green,#06b48b
Chrysocolla Green,#378661
Classic Green,#39a845
Clean Green,#8fe0c6
Clear Camouflage Green,#dae8e1
Clear Green,#12732b
Coelia Greenshade,#0e7f78
Collard Green,#536861
Color Me Green,#7cb77b
Composite Artefact Green,#55cc00
Cōng Lǜ Green,#01c08d
Congo Green,#00a483
Cool Green,#33b864
Corporate Green,#78a486
Cottage Green,#dcecdc
County Green,#1b4b35
Courtyard Green,#978d71
Covert Green,#80765f
Crayola Green,#1dac78
Cress Green,#bca949
Cretan Green,#598784
Cricket Green,#6a7b6b
Daiquiri Green,#c9d77e
Dark Green,#033500
Dark Lime Green,#7ebd01
Dartmouth Green,#00703c
DaVanzo Green,#58936d
Davao Green,#b1d27b
Deep Green,#02590f
Deep Sea Green,#095859
Delightful Green,#00ee00
Delta Green,#2d4a4c
Demeter Green,#00cc00
Denali Green,#7d775d
Derby Green,#599c89
Diisha Green,#007044
Diluted Green,#ddeae0
Diminished Green,#e3e6d6
Diminishing Green,#062e03
Dirty Green,#667e2c
Dòu Lǜ Green,#009276
Drab Green,#749551
Druid Green,#427131
Dry Highlighter Green,#2ba727
Drying Grass Green,#7bb369
Duck Green,#53665c
Duck Hunt Green,#005800
Dull Green,#74a662
Dusky Green,#746c57
Dusty Green,#76a973
Dusty Jade Green,#7bb5a3
Dynamic Green,#a7e142
Dynasty Green,#008e80
Earls Green,#b8a722
Earthy Khaki Green,#666600
Easter Green,#8cfd7e
Easy Green,#9fb289
Eat Your Greens,#696845
EGA Green,#01ff07
Electric Green,#21fc0d
Elemental Green,#969783
Elf Green,#1b8a6b
Elm Green,#547053
Elysian Green,#a5b145
Emerald Green,#046307
English Green,#1b4d3f
Esper's Fungus Green,#80f9ad
Ethereal Green,#f1ecca
Eva Green,#36ff9a
Evening Green,#7c7a3a
Exploration Green,#55a860
Faded Green,#7bb274
Fair Green,#92af88
Fairbank Green,#9d9c7e
Fairway Green,#26623f
Fall Green,#ecfcbd
Fallout Green,#b6c121
Farmers Green,#96a69f
Felt Green,#6fc391
Fern Green,#008c45
Fertility Green,#66fc00
Fervent Green,#469f4e
Field Green,#60b922
Fiji Green,#636f22
Fir Green,#67592a
First Timer Green,#00e8d8
Fistfull of Green,#a2a415
Flat Green,#699d4c
Flickery CRT Green,#90f215
Flinders Green,#6d7058
Fling Green,#8ecfd0
Fluorescent Green,#08ff08
Fluorite Green,#699158
Fluoro Green,#74af54
Fluro Green,#0aff02
Foam Green,#90fda9
Fog Green,#c2cbb4
Foliage Green,#3e6f58
Forest Green,#154406
Fossil Green,#6c6a43
Foul Green,#85c7a1
Free Speech Green,#09f911
Fresco Green,#7bd9ad
Fresh Green,#69d84f
Frog Green,#58bc08
Frosty Green,#a3b5a6
Frozen Moss Green,#addfad
Fun Green,#15633d
Gable Green,#2c4641
Galapagos Green,#29685f
Galaxy Green,#79afad
Gallant Green,#99aa66
Gǎn Lǎn Lǜ Green,#658b38
Garden Green,#495e35
Gauss Blaster Green,#84c3aa
Geneva Green,#1f7f76
Ghostly Green,#d9d7b8
Glacier Green,#3e9eac
Glade Green,#5f8151
Glass Green,#dcdfb0
Glenwood Green,#a7d3b7
Glisten Green,#f2efdc
Gnarls Green,#00754b
Go Go Green,#008a7d
Go Green!,#00ab66
Goblin Green,#76ff7a
Golden Green,#bdb369
Golf Green,#008763
Golfer Green,#5e6841
Gordons Green,#29332b
Gorgeous Green,#287c37
Gossamer Green,#b2cfbe
Gothic Revival Green,#a0a160
Government Green,#32493e
Graceful Green,#acb7a8
Granite Green,#8b8265
Grape Green,#a8e4a0
Grass Green,#3f9b0b
Grass Stain Green,#c0fb2d
Grassy Green,#419c03
Greedo Green,#00aa66
Greedy Green,#d1ffbd
Green,#00ff00
Green 383,#3e3d29
Green Alabaster,#c8ccba
Green Apple,#5edc1f
Green Apple Martini,#d2c785
Green Ash,#a0daa9
Green Balloon,#80c4a9
Green Banana,#a8b453
Green Bark,#a9c4a6
Green Bay,#7e9285
Green Bayou,#566e57
Green Bell Pepper,#228800
Green Belt,#2d7f6c
Green Beret,#516a62
Green Blue,#42b395
Green Blue Slate,#358082
Green Brocade,#daf1e0
Green Brown,#696006
Green Buoy,#32a7b5
Green Bush,#7f8866
Green Cacophony,#bbee11
Green Caterpillar,#98be3c
Green Chalk,#bcdf8a
Green Coconut,#868e65
Green Cow,#beef69
Green Crush,#62ae9e
Green Cyan,#009966
Green Darner Tail,#75bbfd
Green Daze,#8bd3c6
Green Dragon,#006c67
Green Dragon Spring,#c1cab0
Green Eggs,#e3ecc5
Green Eggs and Ham,#7cb68e
Green Elliott,#00bb66
Green Emulsion,#daeae2
Green Envy,#77aa00
Green Epiphany,#7efbb3
Green Essence,#e9eac8
Green Eyes,#7d956d
Green Fiasco,#aaee00
Green Fingers,#297e6b
Green Flash,#79c753
Green Flavor,#bbaa22
Green Fluorite,#55bbaa
Green Fog,#989a87
Green Frost,#d0d6bf
Green Frosting,#d8f1eb
Green Gables,#324241
Green Gamora,#11bb00
Green Gardens,#009911
Green Garter,#61ba85
Green Gas,#00ff99
Green Gate,#676957
Green Gecko,#cdd47f
Green Glacier,#e7f0c2
Green Glimmer,#00bb00
Green Glint,#dcf1c7
Green Glitter,#dde26a
Green Globe,#79aa87
Green Gloss,#00955e
Green Glow,#b0c965
Green Goanna,#505a39
Green Goblin,#11bb33
Green Gooseberry,#b0dfa4
Green Granite,#7c9793
Green Grapple,#3db9b2
Green Grey,#7ea07a
Green Grey Mist,#afa984
Green Gum,#95e3c0
Green Haze,#01a368
Green Hills,#007800
Green Hour,#587d79
Green Iced Tea,#e8e8d4
Green Illude,#6e6f56
Green Incandescence,#c4fe82
Green Ink,#11887b
Green Jelly,#349b82
Green Juice,#3bde39
Green Katamari,#53fe5c
Green Kelp,#393d2a
Green Lacewing,#8ad370
Green Lane,#cad6c4
Green Lantern,#9cd03b
Green Lapis,#008684
Green Leaf,#526b2d
Green Lentils,#9c9463
Green Lily,#c1cec1
Green Lizard,#a7f432
Green McQuarrie,#555d50
Green Me,#b2b55f
Green Mesh,#d7d7ad
Green Milieu,#8a9992
Green Mirror,#d7e2d5
Green Mist,#bfc298
Green Moblin,#008888
Green Moonstone,#33565e
Green Moray,#3a7968
Green Moss,#857946
Green Oasis,#b0b454
Green Oblivion,#005249
Green Ochre,#9f8f55
Green Olive,#8d8b55
Green Olive Pit,#bdaa89
Green Onion,#c1e089
Green Parlor,#cfddb9
Green Patina,#66d0c0
Green Paw Paw,#0d6349
Green Pea,#266242
Green Pear,#79be58
Green People,#388004
Green Pepper,#97bc62
Green Pigment,#00a550
Green Room,#80aea4
Green Savage,#888866
Green Scene,#858365
Green Shade Wash,#45523a
Green Sheen,#d9ce52
Green Shimmer,#ccfd7f
Green Silk,#a2c2b0
Green Sky,#859d66
Green Smoke,#9ca664
Green Snow,#9eb788
Green Spool,#006474
Green Spring,#a9af99
Green Spruce,#589f7e
Green Stain,#2b553e
Green Sulphur,#ae8e2c
Green Tea,#b5b68f
Green Tea Candy,#65ab7c
Green Tea Leaf,#939a89
Green Tea Mochi,#90a96e
Green Teal,#0cb577
Green Tease,#e3ede0
Green Thumb,#779900
Green Tilberi,#d5e0d0
Green Tint,#c5ccc0
Green Tone Ink,#47553c
Green Tourmaline,#5eab81
Green Turquoise,#679591
Green Valley,#3f4948
Green Veil,#e0f1c4
Green Velvet,#127453
Green Venom,#b8f818
Green Vogue,#23414e
Green Wash,#c6ddcd
Green Waterloo,#2c2d24
Green Wave,#c3dcd5
Green Weed,#548f6f
Green Whisper,#e3eee3
Green White,#deddcb
Green Yellow,#c6f808
Greenalicious,#00dd00
Greenbrier,#4b9b69
Greenday,#99ff00
Greene & Greene,#445544
Greenella,#60857a
Greener Grass,#2f8351
Greener Pastures,#495a4c
Greenery,#88b04b
Greenette,#daecc5
Greenfinch,#bda928
Greengage,#8bc28c
Greengrass,#72a355
Greenhouse,#3e6334
Greenhouse Glass,#d7e7cd
Greenish,#40a368
Greenish Beige,#c9d179
Greenish Black,#454445
Greenish Blue,#0b8b87
Greenish Brown,#696112
Greenish Cyan,#2afeb7
Greenish Grey,#96ae8d
Greenish Grey Bark,#66675a
Greenish Tan,#bccb7a
Greenish Teal,#32bf84
Greenish Turquoise,#00fbb0
Greenish White,#d1f1de
Greenish Yellow,#cdfd02
Greenlake,#007d69
Greenland,#737d6a
Greenland Green,#22acae
Greenland Ice,#b9d7d6
Greenway,#419a7d
Greenwood,#bcbaab
Greeny Glaze,#067376
Gretchin Green,#5d6732
Gretna Green,#596442
Grey Green,#86a17d
Greyish Green,#82a67d
Gross Green,#a0bf16
Grotesque Green,#64e986
Gully Green,#4b6e3b
Gumdrop Green,#2ea785
Gundaroo Green,#959984
Gunmetal Green,#777648
Guppie Green,#00ff7f
Hakusai Green,#88b378
Hanuman Green,#55ffaa
Harā Green,#55aa55
Harlequin Green,#46cb18
Heath Green,#9acda9
Heavy Black Green,#3a514d
Heavy Green,#49583e
Hedge Green,#768a75
Hellion Green,#87c5ae
High Tea Green,#567063
Highland Green,#305144
Highlighter Green,#1bfc06
Hint of Green,#dfeade
Hinterlands Green,#304112
Hippie Green,#608a5a
Hockham Green,#59685f
Holly Green,#0f9d76
Homeopathic Green,#e1ebd8
Hooker's Green,#49796b
Horenso Green,#789b73
Hospital Green,#9be5aa
Hot Green,#25ff29
Hubert's Truck Green,#559933
Hulk Green,#008000
Hunter Green,#0b4008
Hushed Green,#d8e9e5
Hygge Green,#e0e1d8
Hyper Green,#55ff00
I R Dark Green,#404034
Ice Cap Green,#b9e7dd
Ice Green,#87d8c3
Iceberg Green,#8c9c92
Icky Green,#8fae22
Iguana Green,#71bc77
Illicit Green,#56fca2
India Green,#138808
Ineffable Green,#63f7b4
Infinitesimal Green,#d7e4cc
Interior Green,#536437
Intermediate Green,#137730
Iridescent Green,#48c072
Irish Green,#019529
Irradiated Green,#aaff55
Islamic Green,#009900
Island Green,#2bae66
Ivy Green,#585442
Jade Green,#779977
Jasmine Green,#7ec845
Jolly Green,#5e774a
Jube Green,#78cf86
Julep Green,#c7dbd9
Jungle Book Green,#366c4e
Jungle Green,#048243
Kabalite Green,#038c67
Kabocha Green,#044a05
Kaitoke Green,#245336
Kappa Green,#c5ded1
Kariyasu Green,#6e7955
Keen Green,#226600
Kelley Green,#02ab2e
Kelly Green,#339c5e
Kermit Green,#5cb200
Khaki Green,#728639
Kiwi Green,#8ee53f
Knarloc Green,#4b5b40
Komatsuna Green,#7b8d42
Kombu Green,#3a4032
Koopa Green Shell,#58d854
Kōrainando Green,#203838
Kuro Green,#1b2b1b
Kyuri Green,#4b5d16
La Salle Green,#087830
Laced Green,#ccee99
Lake Green,#2e8b57
Laurel Green,#a9ba9d
Lawn Green,#4da409
Leaf Green,#5ca904
Leek Green,#979c84
Lemon Green,#adf802
Lens Flare Green,#b0ff9d
Leprechaun Green,#395549
Lettuce Green,#bed38e
Lexaloffle Green,#00e436
Liberty Green,#16a74e
Lichen Green,#9da693
Light Ghostly Green,#e2e1c8
Light Green,#76ff7b
Light Green Alabaster,#d5d8c9
Light Green Ash,#d7ddcd
Light Green Frost,#dce0cd
Light Green Glint,#e5f4d5
Light Green Veil,#e8f4d2
Light Green Wash,#d4e6d9
Light Greenette,#e2f0d2
Light Light Green,#c8ffb0
Light Mint Green,#a6fbb2
Light Pastel Green,#b2fba5
Light Seafoam Green,#a7ffb5
Light Snow Green,#d5e3d0
Light Yellowish Green,#c2ff89
Lighter Green,#75fd63
Lightish Green,#61e160
Lily Green,#c5cf98
Lima Bean Green,#88be69
Lime Green,#9fc131
Lincoln Green,#195905
Linden Green,#c4bf71
Lindworm Green,#172808
Link Green,#01a049
Liquid Green Stuff,#3b7a5f
Liquorice Green,#2a4041
Livery Green,#a8d275
Loden Green,#6e7153
Lower Green,#e0efe3
Lǜ Sè Green,#02c14d
Luigi Green,#4cbb17
Luminary Green,#e3eaa5
Lunar Green,#4e5541
Lush Green,#bbee00
Lush Greenery,#7ff23e
Luster Green,#bece61
Macaw Green,#9bb53e
Machine Green,#a6a23f
Magnetic Green,#2b6867
Malachite Green,#004e00
Mallard Green,#478865
Mamba Green,#77ad3b
Mana Tree Green,#4f7942
Mango Green,#96ff00
Maniac Green,#009000
Marble Green,#8f9f97
Marine Green,#40a48e
Marlin Green,#41a1aa
Marrs Green,#008c8c
Martian Green,#136c51
Master Chief Green,#507d2a
Matsuba Green,#454d32
Matt Green,#39ad48
Maximum Blue Green,#30bfbf
Maximum Green,#5e8c31
Maximum Green Yellow,#d9e650
May Green,#4c9141
Maya Green,#98d2d9
Meadow Green,#739957
Medium Green,#3c824e
Medium Grey Green,#4d6b53
Medium Jungle Green,#1c352d
Medium Sea Green,#3cb371
Medium Spring Green,#00fa9a
Medusa Green,#998800
Meek Moss Green,#869f98
Mellow Green,#d5d593
Melon Green,#74ac8d
Message Green,#37b8af
Mid Green,#50a747
Middle Blue Green,#8dd9cc
Middle Green,#4d8c57
Middle Green Yellow,#acbf60
Midnight Green,#004953
Midori Green,#3eb370
Mike Wazowski Green,#11ee55
Military Green,#667c3e
Milky Green,#cfdbd1
Milly Green,#99bd91
Mineral Green,#506355
Ming Green,#3aa278
Minified Green,#dde8e0
Mint Green,#487d49
Minty Green,#0bf77d
Mist Green,#aacebc
Mist of Green,#e3f1eb
Mizuasagi Green,#749f8d
Moegi Green,#f19172
Molly Green,#e3efe3
Moot Green,#a2db10
Morning Green,#89bab2
Moss Green,#638b27
Moss Point Green,#7e8d60
Moth Green,#007700
Mountain Green,#b2b599
MSU Green,#18453b
Mud Green,#606602
Muddy Green,#657432
Mughal Green,#448800
Murky Green,#6c7a0e
Mushiao Green,#2d4436
Mustard Green,#a8b504
Muted Green,#5fa052
Myrtle Green,#317873
Mystic Green,#d8f878
Napier Green,#2a8000
Nasty Green,#70b23f
Natural Instinct Green,#017374
Navy Green,#35530a
Negishi Green,#938b4b
Neon Green,#39ff14
Neptune Green,#7fbb9e
Nero's Green,#318181
Neutral Green,#aaa583
New Wave Green,#11ff11
Niblet Green,#7dc734
Nile Green,#a7c796
Nordic Grass Green,#1fab58
Norfolk Green,#2e4b3c
Nori Green,#112a12
North Texas Green,#059033
Northgate Green,#aaa388
Norwich Green,#acb597
Nurgling Green,#b8cc82
Nursery Green,#edf0de
Nymph Green,#aec2a5
O'grady Green,#58ac8f
O'Neal Green,#395643
Ocean Green,#3d9973
Ode to Green,#b6e5d6
Off Green,#6ba353
Office Green,#00800f
Oil Green,#80856d
Oitake Green,#5e644f
Old Moss Green,#867e36
Olive Green,#677a04
Opal Green,#157954
Opaline Green,#a3c57d
Pakistan Green,#006600
Pale Green,#69b076
Pale Light Green,#b1fc99
Pale Lime Green,#b1ff65
Pale Moss Green,#d0dbc4
Palm Green,#20392c
Paolo Veronese Green,#009b7d
Paradise Green,#b2e79f
Paris Green,#50c87c
Park Green Flat,#88c9a6
Parrot Green,#8db051
Pastel Green,#77dd77
Patina Green,#b9eab3
PCB Green,#002d04
Pea Green,#8eab12
Pea Soup Green,#94a617
Peacock Green,#006a50
Pedestrian Green,#00bb22
Pepper Green,#007d60
Persian Green,#00a693
Phantom Green,#dce4d7
Pharmacy Green,#005500
Philippine Green,#008543
Phosphor Green,#00aa00
Phosphorescent Green,#11ff00
Phthalo Green,#123524
Picture Book Green,#00804c
Pikkoro Green,#15b01a
Pine Green,#0a481e
Píng Gǔo Lǜ Green,#23c48b
Piquant Green,#769358
Pistachio Green,#a9d39e
Pistou Green,#00bb55
Pixie Green,#bbcda5
Planet Green,#496a76
Platoon Green,#2a4845
Poetic Green,#00a844
Poison Green,#40fd14
Poisoning Green,#66ff11
Poker Green,#35654d
Pool Green,#00af9d
Porcelain Green,#108780
Posy Green,#325b51
Powdered Green Tea,#c5c56a
Prairie Green,#50a400
Prestige Green,#154647
Primal Green,#11875d
Pullman Green,#3b331c
Putrid Green,#89a572
Putting Green,#3a9234
Puyo Blob Green,#55ff55
Quagmire Green,#998811
Quetzal Green,#006865
Quiet Green,#9ebc97
Quilotoa Green,#70a38d
Quithayran Green,#9be510
Racing Green,#014600
Radar Blip Green,#96f97b
Radioactive Green,#2cfa1f
Ranger Green,#6a8472
Rangoon Green,#2b2e25
Really Light Green,#e9eadb
Reduced Green,#e7e9d8
Reed Green,#a1a14a
Refined Green,#384543
Reptile Green,#24da91
Reptilian Green,#009e82
Rifle Green,#414833
Rokushō Green,#407a52
Rousseau Green,#175844
Royal Hunter Green,#3f5948
Russet Green,#e3d9a0
Russian Green,#679267
Sabz Green,#a5d610
Sacramento State Green,#00563f
Sage Green,#887766
Sagebrush Green,#567572
Salt Island Green,#757261
Samphire Green,#4db560
Sandgrass Green,#93917f
Sap Green,#5c8b15
Sapless Green,#bebdac
Satin Green,#c7dfb8
Scaly Green,#027275
Scorpy Green,#8eef15
Screamin' Green,#66ff66
Scurf Green,#02737a
Sea Green,#53fca1
Seafair Green,#b8f8d8
Seafoam Green,#99bb88
Seagrass Green,#264e50
Seascape Green,#b5e4e4
Seasoned Apple Green,#8db600
Seaweed Green,#35ad6b
Secluded Green,#6f6d56
Sedge Green,#707a68
Seiheki Green,#3a6960
Seiji Green,#819c8b
Sensaimidori Green,#374231
Sesame Street Green,#00a870
Shadow Green,#9ac0b6
Shale Green,#739072
Sharp Green,#c6ec7a
Sheen Green,#8fd400
Sheer Green,#b0c69a
Sherwood Green,#1b4636
Shire Green,#68e52f
Shishito Pepper Green,#bbf90f
Shiso Green,#63a950
Shǔi Cǎo Lǜ Green,#40826d
Shy Green,#e5e8d9
Sick Green,#9db92c
Sickly Green,#94b21c
Silky Green,#bdc2bb
Silt Green,#a9bdb1
Silver Green,#d7d7c7
Simply Green,#009b75
Siskin Green,#c8c76f
Skarsnik Green,#5f9370
Skirret Green,#51b73b
Slate Green,#658d6d
Slimer Green,#aadd00
Slimy Green,#7ded17
Smoke Green,#a8bba2
Snot Green,#9dc100
Snow Green,#c8dac2
Soft Green,#6fc276
Soldier Green,#545a2c
Somber Green,#005c2b
Sotek Green,#47788a
Soylent Green,#578363
Spandex Green,#36b14e
Spanish Green,#7b8976
Sparkling Green,#66ee00
Spectra Green,#009b8c
Spinach Green,#909b4c
Spleen Green,#ccee00
Spray Green,#aea692
Spring Green,#00ff7c
Spring Slumber Green,#b8f8b8
Sprout Green,#cbd7d2
Stanford Green,#658f7c
Stegadon Scale Green,#074863
Stem Green,#abdf8f
Stone Green,#658e67
Storm Green,#113333
Stormy Strait Green,#0f9b8e
Straken Green,#628026
Subtle Green,#b5cbbb
Summer Forest Green,#228b22
Summer Green,#8fb69c
Sunlit Kelp Green,#7d7103
Sunny Green,#c5cd40
Support Green,#78a300
Surf Green,#427573
Surfie Green,#007b77
Surgeon Green,#009f6b
Susu Green,#887f7a
Swamp Green,#748500
Sybarite Green,#8bcbab
Sylvan Green,#e7eacb
Tabbouleh Green,#526525
Tan Green,#a9be70
Tarmac Green,#477f4a
Tarpon Green,#c1b55c
Tarzan Green,#919585
Tatzelwurm Green,#376d03
Te Papa Green,#2b4b40
Tea Green,#d0f0c0
Teal Green,#25a36f
Tealish Green,#0cdc73
Techno Green,#69ac58
Tender Greens,#c5cfb6
Tetsu Green,#005243
Thatch Green,#544e31
Thistle Green,#cccaa8
Thousand Years Green,#316745
Thraka Green Wash,#4f6446
Thyme Green,#737b6c
Tidal Green,#cdca98
Timber Green,#324336
Timid Green,#e1e2d6
Tint of Green,#dae9dc
Tokiwa Green,#007b43
Tol Barad Green,#6c5846
Toxic Green,#61de2a
Toy Tank Green,#6d6f4f
Tranquil Green,#a4af9e
Transparent Green,#ddffdd
Tree Frog Green,#7ca14e
Tree Green,#2a7e19
Trekking Green,#355048
Trendy Green,#7e8424
Tropical Forest Green,#228b21
Tropical Green,#17806d
True Green,#089404
Tsurubami Green,#9ba88d
Turf Green,#6f8c69
Turquoise Green,#04f489
Turtle Green,#75b84f
Tzatziki Green,#ddeecc
UFO Defense Green,#88aa11
UFO Green,#3cd070
Uguisu Green,#928c36
Ultramarine Green,#006b54
Ulva Lactuca Green,#90ee90
Umbrella Green,#a2af70
UP Forest Green,#014431
Urahayanagi Green,#bcb58c
USMC Green,#373d31
Usumoegi Green,#8db255
Van Gogh Green,#65ce95
Velvet Green,#2f5d50
Venomous Green,#66ff22
Veranda Green,#8e977e
Verdant Green,#12674a
Verdigris Green,#61ac86
Verdun Green,#48531a
Verse Green,#18880d
Vibrant Green,#0add08
VIC 20 Green,#94e089
Victorian Greenhouse,#00b191
Vile Green,#8fcdb0
Vineyard Green,#5f7355
Viric Green,#99cc00
Viridian Green,#bcd7d4
Vivid Green,#2fef10
Vivid Lime Green,#a6d608
Vomit Green,#89a203
Wageningen Green,#34b233
Wakame Green,#00656e
Wakatake Green,#6b9362
Washed Green,#ccd1c8
Washed Out Green,#bcf5a6
Waystone Green,#00c000
Waywatcher Green,#99cc04
Weak Green,#e1f2df
Weird Green,#3ae57f
Whisper Green,#e0e6d7
White Green,#d6e9ca
Wicked Green,#9bca47
Wild Caribbean Green,#1cd3a2
Wine Bottle Green,#254636
Winter Willow Green,#c1d8ac
Wishy-Washy Green,#dfeae1
Woodlawn Green,#405b50
Wyvern Green,#86a96f
Yanagizome Green,#8c9e5e
Yellow Green,#c8fd3d
Yellow Green Shade,#c5e384
Yellow-Green Grosbeak,#c8cd37
Yellowish Green,#b0dd16
Yellowy Green,#bff128
Yíng Guāng Sè Green,#05ffa6
York River Green,#67706d
Yoshi's Green,#55aa00
Young Green Onion,#aacf53
Young Greens,#d8e698
Zelyony Green,#016612
Zephyr Green,#7cb083
